#,선수명,팀명,경기,타석,타수,안타,홈런,득점,타점,볼넷,삼진,도루,BABIP,타율,출루율,장타율,OPS,wOBA,WAR,생년월일,나이,투수,타격,키,몸무게,포지션,등번호,is_pit
1.000,노시환,한화 이글스,104.000,472.000,408.000,124.000,29.000,70.000,85.000,59.000,87.000,2.000,0.322,0.304,0.392,0.574,0.966,0.42,5.86,2000-12-03,24,우투,우타,185,96,내야수,37,0
2.000,최정,SSG 랜더스,98.000,422.000,356.000,107.000,22.000,73.000,69.000,47.000,62.000,5.000,0.306,0.301,0.394,0.548,0.942,0.411,4.71,1987-02-28,37,우투,우타,180,84,3루수,00,0
3.000,김혜성,키움 히어로즈,115.000,514.000,460.000,148.000,6.000,86.000,47.000,46.000,64.000,22.000,0.359,0.322,0.383,0.435,0.818,0.375,4.53,1999-01-27,25,우투,좌타,179,78,내야수,4,0
4.000,양의지,두산 베어스,90.000,356.000,297.000,97.000,10.000,37.000,45.000,49.000,39.000,6.000,0.347,0.327,0.43,0.492,0.922,0.414,4.51,1987-06-05,37,우투,우타,179,85,포수,25,0
5.000,홍창기,LG 트윈스,104.000,489.000,395.000,128.000,1.000,83.000,49.000,68.000,68.000,18.000,0.386,0.324,0.444,0.415,0.859,0.409,4.49,1993-11-21,31,우투,좌타,189,94,외야수,57,0
6.000,구자욱,삼성 라이온즈,83.000,357.000,311.000,107.000,8.000,45.000,55.000,38.000,53.000,7.000,0.391,0.344,0.417,0.518,0.935,0.42,3.85,1993-02-12,31,우투,좌타,189,75,내야수,65,0
7.000,이정후,키움 히어로즈,85.000,386.000,329.000,105.000,6.000,50.000,45.000,49.000,23.000,5.000,0.325,0.319,0.407,0.456,0.863,0.39,3.64,1998-08-20,26,우투,좌타,185,78,외야수,51,0
8.000,강민호,삼성 라이온즈,96.000,381.000,332.000,97.000,14.000,46.000,58.000,40.000,48.000,6.000,0.304,0.292,0.374,0.464,0.838,0.375,3.47,1985-08-18,39,우투,우타,186,100,포수,47,0
9.000,오스틴,LG 트윈스,102.000,439.000,392.000,124.000,16.000,64.000,75.000,40.000,61.000,7.000,0.339,0.316,0.38,0.5,0.88,0.393,3.34,1993-10-14,31,우투,우타,183,97,외야수,23,0
10.000,소크라테스*,KIA 타이거즈,99.000,429.000,381.000,110.000,16.000,66.000,66.000,42.000,60.000,9.000,0.303,0.289,0.357,0.486,0.843,0.373,3.27,1992-09-06,32,좌투,좌타,188,93,외야수,30,0
11.000,박동원,LG 트윈스,99.000,380.000,320.000,81.000,18.000,45.000,65.000,42.000,71.000,0.000,0.265,0.253,0.342,0.478,0.82,0.361,3.16,1990-04-07,34,우투,우타,179,78,포수,27,0
12.000,박건우,NC 다이노스,94.000,402.000,346.000,105.000,9.000,52.000,59.000,45.000,55.000,7.000,0.337,0.303,0.392,0.465,0.857,0.392,3.12,1990-09-08,34,우투,우타,184,80,외야수,37,0
13.000,에레디아,SSG 랜더스,85.000,360.000,325.000,108.000,11.000,50.000,58.000,29.000,53.000,10.000,0.372,0.332,0.396,0.492,0.888,0.399,3.08,1991-01-31,33,좌투,우타,178,88,외야수,27,0
14.000,문보경,LG 트윈스,105.000,444.000,381.000,109.000,7.000,61.000,55.000,48.000,72.000,6.000,0.333,0.286,0.366,0.417,0.783,0.36,2.91,2000-07-19,24,우투,좌타,182,89,내야수,35,0
15.000,마틴,NC 다이노스,79.000,343.000,298.000,87.000,13.000,42.000,59.000,39.000,74.000,11.000,0.341,0.292,0.367,0.48,0.847,0.378,2.85,1995-09-05,29,우투,좌타,175,83,외야수,55,0
16.000,손아섭,NC 다이노스,100.000,440.000,401.000,132.000,5.000,64.000,61.000,31.000,55.000,10.000,0.367,0.329,0.376,0.449,0.825,0.374,2.7,1988-03-18,36,우투,좌타,174,88,외야수,31,0
17.000,최형우,KIA 타이거즈,98.000,416.000,352.000,101.000,14.000,51.000,64.000,54.000,71.000,0.000,0.322,0.287,0.389,0.46,0.849,0.389,2.7,1983-12-16,41,우투,좌타,179,106,외야수,34,0
18.000,오지환,LG 트윈스,88.000,364.000,302.000,78.000,2.000,43.000,43.000,52.000,67.000,14.000,0.325,0.258,0.378,0.351,0.729,0.354,2.65,1990-03-12,34,우투,좌타,186,80,내야수,2,0
19.000,정수빈,두산 베어스,100.000,425.000,367.000,105.000,1.000,51.000,27.000,42.000,44.000,26.000,0.321,0.286,0.365,0.362,0.727,0.345,2.64,1990-10-07,34,좌투,좌타,175,70,외야수,31,0
20.000,알포드,KT 위즈,97.000,402.000,354.000,101.000,11.000,59.000,47.000,40.000,98.000,11.000,0.364,0.285,0.366,0.444,0.81,0.368,2.49,1994-07-20,30,우투,우타,185,95,외야수,25,0
21.000,문성주,LG 트윈스,98.000,403.000,346.000,108.000,2.000,63.000,38.000,47.000,29.000,19.000,0.335,0.312,0.399,0.39,0.789,0.374,2.47,1997-02-20,27,좌투,좌타,175,78,외야수,67,0
22.000,박찬호,KIA 타이거즈,101.000,402.000,356.000,106.000,2.000,54.000,39.000,34.000,47.000,21.000,0.334,0.298,0.357,0.368,0.725,0.339,2.45,1995-06-05,29,우투,우타,178,71,내야수,46,0
23.000,안치홍,롯데 자이언츠,98.000,405.000,345.000,102.000,6.000,45.000,53.000,43.000,40.000,3.000,0.316,0.296,0.38,0.4,0.78,0.361,2.42,1990-07-02,34,우투,우타,178,80,2루수,13,0
24.000,나성범,KIA 타이거즈,39.000,175.000,151.000,51.000,11.000,33.000,35.000,19.000,22.000,0.000,0.328,0.338,0.406,0.629,1.035,0.445,2.32,1989-10-03,35,좌투,좌타,183,96,외야수,47,0
25.000,황재균,KT 위즈,73.000,305.000,272.000,84.000,3.000,43.000,31.000,29.000,48.000,3.000,0.365,0.309,0.376,0.423,0.799,0.368,2.25,1987-07-28,37,우투,우타,183,90,3루수,10,0
26.000,박성한,SSG 랜더스,101.000,414.000,360.000,95.000,7.000,44.000,37.000,50.000,44.000,2.000,0.281,0.264,0.35,0.361,0.711,0.333,2.12,1998-03-30,26,우투,좌타,180,77,내야수,00,0
27.000,김지찬,삼성 라이온즈,77.000,293.000,244.000,71.000,1.000,51.000,14.000,37.000,31.000,10.000,0.33,0.291,0.399,0.332,0.731,0.358,2.08,2001-03-08,23,우투,좌타,163,64,내야수,58,0
28.000,김재호,두산 베어스,59.000,180.000,144.000,48.000,2.000,21.000,19.000,19.000,14.000,2.000,0.357,0.333,0.429,0.417,0.846,0.396,2.04,1985-03-21,39,우투,우타,181,75,유격수,52,0
29.000,박민우,NC 다이노스,88.000,368.000,331.000,100.000,1.000,51.000,30.000,27.000,43.000,18.000,0.343,0.302,0.365,0.375,0.74,0.344,1.97,1993-02-06,31,우투,좌타,183,70,2루수,2,0
30.000,추신수,SSG 랜더스,78.000,334.000,274.000,75.000,7.000,48.000,26.000,47.000,57.000,5.000,0.321,0.274,0.398,0.405,0.803,0.378,1.9,1982-07-13,42,좌투,좌타,180,95,외야수,17,0
31.000,김민혁,KT 위즈,93.000,372.000,332.000,102.000,3.000,57.000,38.000,27.000,40.000,8.000,0.337,0.307,0.358,0.401,0.759,0.349,1.8,1995-11-21,29,우투,좌타,181,71,우익수,4,0
32.000,최재훈,한화 이글스,90.000,313.000,249.000,60.000,1.000,14.000,27.000,38.000,36.000,0.000,0.276,0.241,0.374,0.293,0.667,0.333,1.79,1989-08-27,35,우투,우타,178,76,포수,13,0
33.000,장성우,KT 위즈,99.000,348.000,309.000,80.000,9.000,31.000,51.000,30.000,57.000,1.000,0.286,0.259,0.324,0.398,0.722,0.327,1.75,1990-01-17,34,우투,우타,187,95,포수,22,0
34.000,권희동,NC 다이노스,60.000,238.000,191.000,55.000,4.000,20.000,33.000,35.000,29.000,2.000,0.313,0.288,0.403,0.408,0.811,0.38,1.73,1990-12-31,34,우투,우타,177,85,외야수,63,0
35.000,박해민,LG 트윈스,105.000,416.000,357.000,103.000,3.000,61.000,40.000,36.000,51.000,15.000,0.329,0.289,0.356,0.353,0.709,0.334,1.71,1990-02-24,34,우투,좌타,180,75,외야수,17,0
36.000,채은성,한화 이글스,98.000,435.000,383.000,106.000,15.000,53.000,61.000,38.000,79.000,0.000,0.313,0.277,0.359,0.433,0.792,0.356,1.67,1990-02-06,34,우투,우타,186,92,포수,22,0
37.000,박승욱,롯데 자이언츠,89.000,248.000,214.000,61.000,0.000,29.000,21.000,26.000,61.000,13.000,0.399,0.285,0.365,0.379,0.744,0.352,1.66,1992-12-04,32,우투,좌타,184,76,내야수,53,0
38.000,정보근,롯데 자이언츠,44.000,79.000,64.000,26.000,1.000,11.000,13.000,12.000,9.000,1.000,0.455,0.406,0.494,0.578,1.072,0.485,1.65,1999-08-31,25,우투,우타,175,88,포수,62,0
39.000,김상수,KT 위즈,100.000,401.000,346.000,94.000,1.000,43.000,42.000,43.000,53.000,5.000,0.315,0.272,0.354,0.327,0.681,0.327,1.64,1990-03-23,34,우투,우타,175,68,유격수,7,0
40.000,김휘집,키움 히어로즈,83.000,319.000,272.000,68.000,7.000,34.000,32.000,36.000,76.000,0.000,0.318,0.25,0.341,0.39,0.731,0.338,1.63,2002-01-01,22,우투,우타,0,0,내야수,44,0
41.000,로하스,두산 베어스,88.000,325.000,280.000,67.000,14.000,36.000,49.000,40.000,49.000,0.000,0.242,0.239,0.338,0.464,0.802,0.36,1.56,1993-02-24,31,우투,좌타,183,90,외야수,11,0
42.000,김주원,NC 다이노스,100.000,372.000,316.000,73.000,7.000,41.000,36.000,39.000,87.000,12.000,0.297,0.231,0.336,0.329,0.665,0.318,1.55,2002-07-30,22,우투,양타,185,83,내야수,7,0
43.000,전준우,롯데 자이언츠,99.000,391.000,340.000,94.000,13.000,54.000,54.000,39.000,45.000,7.000,0.281,0.276,0.355,0.438,0.793,0.357,1.47,1986-02-25,38,우투,우타,184,91,외야수,8,0
44.000,김현준,삼성 라이온즈,72.000,325.000,292.000,87.000,2.000,44.000,30.000,22.000,58.000,4.000,0.365,0.298,0.356,0.366,0.722,0.339,1.46,2002-10-11,22,좌투,좌타,0,0,외야수,69,0
45.000,최주환,SSG 랜더스,97.000,359.000,325.000,80.000,18.000,35.000,52.000,28.000,71.000,0.000,0.259,0.246,0.307,0.474,0.781,0.339,1.41,1988-02-28,36,우투,좌타,178,73,내야수,53,0
46.000,김민성,LG 트윈스,80.000,242.000,209.000,58.000,6.000,29.000,35.000,20.000,36.000,2.000,0.308,0.278,0.349,0.416,0.765,0.35,1.39,1988-12-17,36,우투,우타,181,80,내야수,25,0
47.000,허경민,두산 베어스,98.000,377.000,337.000,93.000,5.000,37.000,38.000,29.000,18.000,6.000,0.276,0.276,0.34,0.377,0.717,0.328,1.38,1990-08-26,34,우투,우타,176,69,내야수,13,0
48.000,김성윤,삼성 라이온즈,78.000,169.000,151.000,50.000,2.000,29.000,18.000,9.000,21.000,11.000,0.366,0.331,0.373,0.45,0.823,0.376,1.35,1999-02-02,25,좌투,좌타,163,62,외야수,49,0
49.000,이우성,KIA 타이거즈,87.000,278.000,242.000,71.000,6.000,30.000,35.000,25.000,60.000,6.000,0.365,0.293,0.366,0.409,0.775,0.354,1.35,1994-07-17,30,우투,우타,182,95,외야수,5,0
50.000,김도영,KIA 타이거즈,41.000,187.000,168.000,50.000,2.000,30.000,20.000,16.000,37.000,12.000,0.366,0.298,0.355,0.429,0.784,0.356,1.32,2003-10-02,21,우투,우타,183,85,내야수,5,0
51.000,이재현,삼성 라이온즈,107.000,397.000,351.000,88.000,10.000,44.000,43.000,29.000,70.000,5.000,0.286,0.251,0.31,0.382,0.692,0.316,1.29,2003-02-04,21,우투,우타,180,82,내야수,15,0
52.000,이도윤,한화 이글스,66.000,208.000,185.000,54.000,1.000,25.000,10.000,10.000,29.000,7.000,0.342,0.292,0.342,0.378,0.72,0.335,1.26,1996-10-07,28,우투,좌타,173,71,내야수,7,0
53.000,피렐라,삼성 라이온즈,102.000,453.000,423.000,120.000,11.000,49.000,63.000,25.000,53.000,5.000,0.303,0.284,0.329,0.423,0.752,0.337,1.25,1989-11-21,35,우투,우타,183,99,외야수,63,0
54.000,김현수,LG 트윈스,97.000,426.000,373.000,109.000,5.000,43.000,62.000,46.000,42.000,2.000,0.314,0.292,0.367,0.383,0.75,0.347,1.23,1988-01-12,36,우투,좌타,188,100,외야수,22,0
55.000,배정대,KT 위즈,61.000,221.000,189.000,55.000,1.000,35.000,27.000,23.000,49.000,8.000,0.378,0.291,0.364,0.354,0.718,0.338,1.22,1995-06-12,29,우투,우타,185,80,중견수,65,0
56.000,김동헌,키움 히어로즈,86.000,211.000,180.000,48.000,2.000,22.000,17.000,17.000,44.000,0.000,0.336,0.267,0.351,0.35,0.701,0.333,1.22,2004-07-15,20,우투,우타,182,91,포수,44,0
57.000,신민재,LG 트윈스,89.000,197.000,175.000,57.000,0.000,32.000,21.000,14.000,17.000,30.000,0.361,0.326,0.376,0.354,0.73,0.344,1.18,1996-01-21,28,우투,양타,171,64,내야수,5,0
58.000,김선빈,KIA 타이거즈,76.000,291.000,258.000,77.000,0.000,22.000,31.000,24.000,18.000,0.000,0.318,0.298,0.36,0.341,0.701,0.332,1.18,1989-12-18,35,우투,우타,165,70,내야수,3,0
59.000,러셀,키움 히어로즈,59.000,239.000,220.000,63.000,4.000,20.000,42.000,17.000,39.000,1.000,0.331,0.286,0.339,0.4,0.739,0.337,1.17,1994-01-23,30,우투,우타,183,88,내야수,27,0
60.000,서호철,NC 다이노스,80.000,308.000,285.000,83.000,2.000,36.000,30.000,15.000,39.000,4.000,0.328,0.291,0.33,0.386,0.716,0.329,1.12,1996-10-16,28,우투,우타,179,85,내야수,8,0
61.000,김민석,롯데 자이언츠,98.000,357.000,316.000,86.000,3.000,47.000,35.000,25.000,89.000,14.000,0.362,0.272,0.327,0.361,0.688,0.317,1.1,2004-05-09,20,우투,좌타,185,83,외야수,2,0
62.000,도슨,키움 히어로즈,29.000,130.000,110.000,35.000,3.000,19.000,17.000,13.000,22.000,5.000,0.364,0.318,0.4,0.436,0.836,0.384,1.09,1995-05-19,29,우투,좌타,188,98,외야수,27,0
63.000,박병호,KT 위즈,97.000,356.000,315.000,88.000,10.000,32.000,60.000,31.000,86.000,2.000,0.347,0.279,0.346,0.416,0.762,0.344,1.07,1986-07-10,38,우투,우타,185,107,1루수,52,0
64.000,도태훈,NC 다이노스,83.000,230.000,184.000,45.000,4.000,35.000,20.000,29.000,33.000,2.000,0.277,0.245,0.381,0.332,0.713,0.347,1.02,1993-03-18,31,우투,좌타,184,85,내야수,65,0
65.000,이정훈,롯데 자이언츠,26.000,78.000,70.000,29.000,1.000,9.000,9.000,6.000,11.000,0.000,0.483,0.414,0.474,0.5,0.974,0.448,0.97,1994-12-07,30,우투,좌타,185,90,포수,48,0
66.000,이창진,KIA 타이거즈,67.000,189.000,156.000,40.000,2.000,28.000,20.000,28.000,28.000,9.000,0.297,0.256,0.372,0.353,0.725,0.35,0.96,1991-03-04,33,우투,우타,175,80,외야수,13,0
67.000,박세혁,NC 다이노스,79.000,260.000,222.000,47.000,4.000,31.000,27.000,29.000,40.000,1.000,0.24,0.212,0.313,0.333,0.646,0.308,0.93,1990-01-09,34,우투,좌타,181,86,포수,10,0
68.000,이진영,한화 이글스,82.000,299.000,249.000,60.000,6.000,42.000,34.000,40.000,92.000,2.000,0.346,0.241,0.345,0.369,0.714,0.335,0.9,1997-07-21,27,우투,우타,183,82,외야수,45,0
69.000,이주형(38),키움 히어로즈,23.000,100.000,89.000,29.000,3.000,15.000,15.000,6.000,26.000,3.000,0.426,0.326,0.378,0.494,0.872,0.387,0.89,2001-04-02,23,우투,좌타,183,80,내야수,38,0
70.000,오윤석,KT 위즈,53.000,147.000,131.000,38.000,4.000,19.000,12.000,8.000,25.000,3.000,0.333,0.29,0.345,0.466,0.811,0.365,0.88,1992-02-24,32,우투,우타,180,79,내야수,4,0
71.000,노진혁,롯데 자이언츠,85.000,295.000,256.000,60.000,3.000,33.000,36.000,29.000,66.000,7.000,0.298,0.234,0.315,0.344,0.659,0.309,0.87,1989-07-15,35,우투,좌타,181,72,유격수,52,0
72.000,양석환,두산 베어스,101.000,422.000,378.000,101.000,17.000,52.000,59.000,30.000,100.000,2.000,0.311,0.267,0.322,0.442,0.764,0.337,0.85,1991-07-15,33,우투,우타,185,90,내야수,53,0
73.000,정훈,롯데 자이언츠,47.000,106.000,87.000,24.000,4.000,18.000,17.000,16.000,18.000,1.000,0.303,0.276,0.385,0.494,0.879,0.392,0.83,1987-07-18,37,우투,우타,181,84,내야수,9,0
74.000,김민식,SSG 랜더스,91.000,242.000,205.000,47.000,4.000,20.000,26.000,23.000,44.000,0.000,0.272,0.229,0.312,0.337,0.649,0.303,0.82,1989-06-28,35,우투,좌타,180,80,포수,24,0
75.000,유강남,롯데 자이언츠,85.000,290.000,253.000,58.000,6.000,32.000,31.000,29.000,47.000,0.000,0.256,0.229,0.313,0.336,0.649,0.304,0.82,1992-07-15,32,우투,우타,182,88,포수,27,0
76.000,최지훈,SSG 랜더스,92.000,405.000,370.000,95.000,2.000,50.000,28.000,25.000,45.000,14.000,0.287,0.257,0.307,0.346,0.653,0.304,0.75,1997-07-23,27,우투,좌타,178,82,외야수,00,0
77.000,고종욱,KIA 타이거즈,81.000,199.000,187.000,57.000,2.000,23.000,22.000,10.000,41.000,2.000,0.377,0.305,0.337,0.412,0.749,0.339,0.66,1989-01-11,35,우투,좌타,184,82,외야수,57,0
78.000,정은원,한화 이글스,95.000,390.000,325.000,74.000,2.000,46.000,23.000,56.000,59.000,6.000,0.272,0.228,0.345,0.274,0.619,0.309,0.64,2000-01-17,24,우투,좌타,177,78,내야수,43,0
79.000,김태연,한화 이글스,71.000,205.000,180.000,50.000,3.000,17.000,20.000,18.000,46.000,4.000,0.348,0.278,0.346,0.383,0.729,0.337,0.62,1997-06-10,27,우투,우타,178,99,내야수,18,0
80.000,이호연,KT 위즈,57.000,169.000,157.000,45.000,3.000,22.000,15.000,8.000,31.000,3.000,0.339,0.287,0.327,0.376,0.703,0.322,0.58,1995-06-03,29,우투,좌타,177,84,내야수,4,0
81.000,김성현,SSG 랜더스,72.000,209.000,186.000,53.000,0.000,21.000,16.000,14.000,23.000,1.000,0.325,0.285,0.335,0.344,0.679,0.318,0.58,1987-03-09,37,우투,우타,172,68,내야수,00,0
82.000,강백호,KT 위즈,57.000,232.000,203.000,53.000,6.000,29.000,32.000,27.000,48.000,3.000,0.311,0.261,0.345,0.399,0.744,0.337,0.57,1999-07-29,25,우투,좌타,184,98,외야수,50,0
83.000,강진성,SSG 랜더스,44.000,122.000,111.000,33.000,3.000,9.000,17.000,6.000,16.000,0.000,0.323,0.297,0.347,0.45,0.797,0.36,0.55,1993-10-19,31,우투,우타,180,81,외야수,49,0
84.000,류지혁,KIA 타이거즈,66.000,253.000,220.000,59.000,0.000,28.000,17.000,27.000,43.000,4.000,0.331,0.268,0.355,0.305,0.66,0.319,0.53,1994-01-13,30,우투,좌타,181,75,내야수,42,0
85.000,이유찬,두산 베어스,85.000,220.000,195.000,49.000,1.000,25.000,16.000,20.000,47.000,9.000,0.324,0.251,0.326,0.323,0.649,0.309,0.53,1998-08-05,26,우투,우타,175,68,내야수,7,0
86.000,류지혁,삼성 라이온즈,33.000,134.000,117.000,35.000,1.000,22.000,18.000,9.000,12.000,11.000,0.315,0.299,0.348,0.342,0.69,0.321,0.51,1994-01-13,30,우투,좌타,181,75,내야수,42,0
87.000,김강민,SSG 랜더스,43.000,106.000,88.000,24.000,2.000,17.000,4.000,15.000,27.000,0.000,0.367,0.273,0.381,0.364,0.745,0.35,0.5,1982-09-13,42,우투,우타,182,82,외야수,0,0
88.000,송성문,키움 히어로즈,77.000,314.000,277.000,71.000,4.000,27.000,45.000,29.000,29.000,1.000,0.27,0.256,0.323,0.354,0.677,0.312,0.5,1996-08-29,28,좌투,좌타,183,88,내야수,57,0
89.000,윤동희,롯데 자이언츠,81.000,315.000,287.000,85.000,2.000,33.000,32.000,22.000,54.000,1.000,0.352,0.296,0.341,0.362,0.703,0.325,0.46,2003-09-18,21,우투,우타,187,85,내야수,91,0
90.000,김태군,삼성 라이온즈,49.000,143.000,125.000,32.000,1.000,7.000,18.000,10.000,11.000,0.000,0.272,0.256,0.329,0.328,0.657,0.309,0.46,1989-12-30,35,우투,우타,182,82,포수,42,0
91.000,임지열,키움 히어로즈,56.000,176.000,149.000,37.000,4.000,14.000,25.000,21.000,45.000,0.000,0.327,0.248,0.351,0.369,0.72,0.339,0.46,1995-08-22,29,우투,양타,180,90,내야수,40,0
92.000,이원석,삼성 라이온즈,19.000,72.000,58.000,21.000,1.000,6.000,10.000,14.000,8.000,0.000,0.408,0.362,0.486,0.483,0.969,0.453,0.44,1986-10-21,38,우투,우타,182,82,3루수,16,0
93.000,강승호,두산 베어스,88.000,309.000,283.000,68.000,5.000,33.000,38.000,19.000,73.000,8.000,0.306,0.24,0.299,0.36,0.659,0.305,0.44,1994-02-09,30,우투,우타,179,77,내야수,25,0
94.000,박준영,두산 베어스,20.000,50.000,47.000,13.000,1.000,7.000,9.000,2.000,19.000,1.000,0.444,0.277,0.32,0.511,0.831,0.373,0.4,1997-08-05,27,우투,우타,181,75,내야수,9,0
95.000,김성욱,NC 다이노스,58.000,147.000,127.000,29.000,5.000,22.000,12.000,12.000,45.000,5.000,0.308,0.228,0.313,0.394,0.707,0.323,0.38,1993-05-01,31,우투,우타,181,75,외야수,38,0
96.000,하재훈,SSG 랜더스,39.000,110.000,100.000,25.000,3.000,16.000,10.000,8.000,30.000,4.000,0.328,0.25,0.318,0.41,0.728,0.333,0.36,1990-10-29,34,우투,우타,182,90,외야수,13,0
97.000,김동엽,삼성 라이온즈,54.000,153.000,136.000,37.000,5.000,18.000,18.000,13.000,22.000,1.000,0.288,0.272,0.34,0.419,0.759,0.344,0.35,1990-07-24,34,우투,우타,186,101,외야수,38,0
98.000,박경수,KT 위즈,82.000,174.000,143.000,30.000,0.000,9.000,7.000,26.000,34.000,0.000,0.275,0.21,0.335,0.294,0.629,0.309,0.34,1984-03-31,40,우투,우타,178,80,2루수,6,0
99.000,윤형준,NC 다이노스,68.000,211.000,194.000,53.000,5.000,17.000,26.000,10.000,51.000,1.000,0.343,0.273,0.316,0.423,0.739,0.332,0.32,1994-01-31,30,우투,우타,186,97,내야수,28,0
100.000,김형준,NC 다이노스,1.000,3.000,3.000,2.000,2.000,2.000,2.000,0.000,0.000,0.000,0.0,0.667,0.667,2.667,3.334,1.297,0.3,1999-11-02,25,우투,우타,187,98,포수,12,0
101.000,김준태,KT 위즈,49.000,109.000,96.000,23.000,2.000,8.000,19.000,11.000,27.000,1.000,0.313,0.24,0.324,0.344,0.668,0.314,0.3,1994-07-31,30,우투,좌타,175,91,포수,43,0
102.000,이형종,키움 히어로즈,87.000,338.000,287.000,64.000,3.000,32.000,32.000,33.000,71.000,0.000,0.284,0.223,0.33,0.334,0.664,0.318,0.3,1989-06-07,35,우투,우타,183,80,외야수,36,0
103.000,문현빈,한화 이글스,98.000,346.000,312.000,80.000,3.000,32.000,29.000,20.000,64.000,4.000,0.309,0.256,0.304,0.34,0.644,0.296,0.27,2004-04-20,20,우투,좌타,174,82,내야수,64,0
104.000,최원준,KIA 타이거즈,47.000,212.000,184.000,46.000,1.000,28.000,18.000,24.000,32.000,8.000,0.298,0.25,0.337,0.337,0.674,0.322,0.27,1997-03-23,27,우투,좌타,178,81,내야수,6,0
105.000,김재성,삼성 라이온즈,40.000,93.000,76.000,16.000,1.000,5.000,6.000,14.000,22.000,0.000,0.283,0.211,0.355,0.289,0.644,0.318,0.27,1996-10-30,28,우투,좌타,185,85,포수,48,0
106.000,구드럼,롯데 자이언츠,26.000,113.000,100.000,26.000,0.000,9.000,15.000,12.000,26.000,0.000,0.347,0.26,0.336,0.32,0.656,0.313,0.26,1992-02-28,32,우투,양타,190,99,내야수,4,0
107.000,김동진,삼성 라이온즈,40.000,130.000,116.000,31.000,0.000,13.000,8.000,8.000,25.000,3.000,0.333,0.267,0.315,0.328,0.643,0.3,0.21,1996-12-18,28,우투,좌타,184,84,내야수,24,0
108.000,오선진,한화 이글스,52.000,138.000,114.000,26.000,0.000,11.000,9.000,16.000,24.000,1.000,0.283,0.228,0.333,0.281,0.614,0.303,0.21,1989-07-07,35,우투,우타,178,80,내야수,6,0
109.000,김태군,KIA 타이거즈,28.000,91.000,84.000,24.000,0.000,7.000,12.000,2.000,4.000,1.000,0.296,0.286,0.307,0.321,0.628,0.29,0.2,1989-12-30,35,우투,우타,182,82,포수,42,0
110.000,안중열,NC 다이노스,63.000,138.000,117.000,23.000,3.000,11.000,13.000,14.000,36.000,0.000,0.25,0.197,0.289,0.316,0.605,0.285,0.2,1995-09-01,29,우투,우타,177,78,포수,32,0
111.000,배영빈,롯데 자이언츠,1.000,4.000,4.000,3.000,0.000,1.000,0.000,0.000,0.000,0.000,0.75,0.75,0.75,1.0,1.75,0.785,0.19,2000-06-26,24,우투,우타,178,70,내야수,87,0
112.000,이천웅,LG 트윈스,4.000,3.000,3.000,3.000,0.000,0.000,1.000,0.000,0.000,0.000,1.0,1.0,1.0,1.0,2.0,0.915,0.18,1988-10-20,36,좌투,좌타,182,83,외야수,32,0
113.000,안치영,KT 위즈,49.000,106.000,95.000,27.000,0.000,17.000,8.000,6.000,27.000,6.000,0.391,0.284,0.337,0.326,0.663,0.314,0.18,1998-05-29,26,우투,좌타,176,72,내야수,4,0
114.000,안상현,SSG 랜더스,38.000,49.000,41.000,11.000,0.000,6.000,2.000,5.000,10.000,2.000,0.355,0.268,0.348,0.341,0.689,0.328,0.18,1997-01-27,27,우투,우타,178,74,내야수,00,0
115.000,김재환*,두산 베어스,100.000,384.000,327.000,72.000,9.000,35.000,40.000,51.000,83.000,3.000,0.267,0.22,0.333,0.346,0.679,0.319,0.18,1988-09-22,36,우투,좌타,183,90,외야수,32,0
116.000,신본기,KT 위즈,14.000,34.000,28.000,6.000,1.000,3.000,3.000,4.000,4.000,0.000,0.217,0.214,0.353,0.357,0.71,0.341,0.18,1989-03-21,35,우투,우타,178,82,내야수,5,0
117.000,렉스,롯데 자이언츠,55.000,234.000,203.000,50.000,4.000,20.000,30.000,28.000,54.000,0.000,0.313,0.246,0.338,0.345,0.683,0.319,0.16,1993-11-12,31,우투,우타,188,86,외야수,17,0
118.000,홍현빈,KT 위즈,44.000,86.000,73.000,17.000,0.000,15.000,1.000,13.000,21.000,2.000,0.327,0.233,0.349,0.26,0.609,0.307,0.15,1997-08-29,27,우투,좌타,174,70,외야수,5,0
119.000,이지영,키움 히어로즈,81.000,237.000,217.000,54.000,0.000,23.000,8.000,12.000,39.000,1.000,0.303,0.249,0.291,0.295,0.586,0.276,0.14,1986-02-27,38,우투,우타,178,83,포수,56,0
120.000,박대온,NC 다이노스,9.000,13.000,11.000,4.000,0.000,2.000,2.000,0.000,3.000,0.000,0.444,0.364,0.385,0.455,0.84,0.373,0.12,1995-08-28,29,우투,우타,182,74,포수,44,0
121.000,김민수(타),롯데 자이언츠,21.000,47.000,39.000,9.000,0.000,4.000,2.000,7.000,15.000,0.000,0.375,0.231,0.348,0.308,0.656,0.325,0.1,1998-03-18,26,우투,우타,182,96,내야수,5,0
122.000,윤정빈,삼성 라이온즈,17.000,26.000,22.000,5.000,1.000,3.000,2.000,3.000,8.000,1.000,0.308,0.227,0.346,0.364,0.71,0.335,0.09,1999-06-24,25,우투,좌타,182,93,외야수,31,0
123.000,안권수,롯데 자이언츠,59.000,209.000,182.000,46.000,2.000,31.000,19.000,19.000,26.000,12.000,0.28,0.253,0.322,0.324,0.646,0.305,0.08,1993-04-19,31,우투,좌타,175,80,외야수,0,0
124.000,정준영,KT 위즈,34.000,55.000,48.000,14.000,0.000,6.000,6.000,3.000,11.000,0.000,0.378,0.292,0.333,0.333,0.666,0.312,0.06,2004-01-26,20,좌투,좌타,173,73,외야수,58,0
125.000,홍성호,두산 베어스,21.000,51.000,48.000,14.000,0.000,6.000,5.000,2.000,14.000,0.000,0.412,0.292,0.333,0.375,0.708,0.328,0.06,1997-07-15,27,우투,좌타,187,98,외야수,44,0
126.000,최준우,SSG 랜더스,33.000,62.000,54.000,15.000,0.000,4.000,6.000,7.000,9.000,0.000,0.326,0.278,0.355,0.296,0.651,0.315,0.06,1999-03-25,25,우투,좌타,176,78,내야수,00,0
127.000,김정민,SSG 랜더스,6.000,1.000,1.000,1.000,0.000,1.000,0.000,0.000,0.000,0.000,1.0,1.0,1.0,1.0,2.0,0.915,0.05,2004-03-07,20,좌투,좌타,180,75,외야수,65,0
128.000,국해성,롯데 자이언츠,5.000,9.000,7.000,2.000,0.000,0.000,1.000,2.000,2.000,0.000,0.4,0.286,0.444,0.286,0.73,0.375,0.05,1989-10-08,35,우투,양타,180,94,외야수,12,0
129.000,박유연,두산 베어스,10.000,16.000,15.000,4.000,0.000,3.000,1.000,0.000,4.000,0.000,0.364,0.267,0.267,0.4,0.667,0.296,0.05,1998-12-20,26,우투,우타,177,77,포수,26,0
130.000,손성빈,롯데 자이언츠,28.000,41.000,39.000,10.000,0.000,8.000,7.000,1.000,6.000,0.000,0.303,0.256,0.275,0.333,0.608,0.278,0.05,2002-01-14,22,우투,우타,186,92,포수,28,0
131.000,임병욱,키움 히어로즈,70.000,184.000,173.000,44.000,5.000,25.000,29.000,7.000,61.000,4.000,0.358,0.254,0.284,0.393,0.677,0.302,0.05,1995-09-30,29,우투,좌타,185,84,내야수,46,0
132.000,문상인,KT 위즈,1.000,1.000,0.000,0.000,0.000,0.000,0.000,1.000,0.000,0.000,-,-,1.0,-,-,0.771,0.05,1998-01-31,26,우투,우타,185,79,포수,63,0
133.000,장두성,롯데 자이언츠,10.000,2.000,1.000,0.000,0.000,1.000,0.000,1.000,0.000,1.000,0.0,0.0,0.5,0.0,0.5,0.385,0.04,1999-09-16,25,우투,좌타,176,67,외야수,49,0
134.000,송민섭,KT 위즈,39.000,15.000,13.000,3.000,0.000,6.000,0.000,1.000,5.000,3.000,0.375,0.231,0.333,0.231,0.564,0.287,0.03,1991-08-02,33,우투,우타,177,80,좌익수,12,0
135.000,한준수,KIA 타이거즈,21.000,36.000,36.000,9.000,1.000,7.000,6.000,0.000,13.000,0.000,0.364,0.25,0.25,0.389,0.639,0.279,0.02,1999-02-13,25,우투,좌타,184,95,포수,44,0
136.000,이해승,삼성 라이온즈,9.000,4.000,4.000,1.000,0.000,0.000,0.000,0.000,1.000,0.000,0.333,0.25,0.25,0.5,0.75,0.327,0.02,2000-08-01,24,우투,우타,180,86,내야수,67,0
137.000,홍종표,KIA 타이거즈,30.000,11.000,6.000,0.000,0.000,7.000,0.000,3.000,1.000,0.000,0.0,0.0,0.4,0.0,0.4,0.311,0.02,2000-05-02,24,우투,좌타,178,72,내야수,0,0
138.000,이민준,한화 이글스,4.000,2.000,1.000,0.000,0.000,0.000,0.000,1.000,0.000,0.000,0.0,0.0,0.5,0.0,0.5,0.385,0.02,2004-02-02,20,우투,우타,185,74,내야수,95,0
139.000,김시앙,키움 히어로즈,10.000,10.000,10.000,3.000,0.000,0.000,1.000,0.000,2.000,0.000,0.375,0.3,0.3,0.3,0.6,0.275,0.01,2001-10-31,23,우투,우타,177,79,포수,26,0
140.000,문상철,KT 위즈,89.000,286.000,266.000,70.000,8.000,26.000,40.000,12.000,65.000,3.000,0.313,0.263,0.295,0.421,0.716,0.317,0.01,1991-04-06,33,우투,우타,184,85,3루수,7,0
141.000,안주형,삼성 라이온즈,33.000,44.000,38.000,10.000,0.000,6.000,3.000,4.000,11.000,0.000,0.357,0.263,0.326,0.289,0.615,0.294,0.01,1993-08-14,31,우투,좌타,176,68,내야수,64,0
142.000,허도환,LG 트윈스,26.000,44.000,35.000,5.000,1.000,5.000,5.000,2.000,9.000,0.000,0.16,0.143,0.268,0.286,0.554,0.271,0.01,1984-07-31,40,우투,우타,176,87,포수,30,0
143.000,천재환,NC 다이노스,69.000,164.000,149.000,37.000,2.000,12.000,16.000,8.000,41.000,2.000,0.327,0.248,0.302,0.342,0.644,0.3,0.0,1994-04-01,30,우투,우타,181,83,외야수,23,0
144.000,장운호,한화 이글스,4.000,11.000,9.000,2.000,0.000,1.000,1.000,2.000,2.000,0.000,0.286,0.222,0.364,0.222,0.586,0.307,0.0,1994-02-20,30,우투,우타,183,85,내야수,90,0
145.000,최보성,NC 다이노스,12.000,21.000,19.000,5.000,0.000,2.000,0.000,2.000,2.000,0.000,0.294,0.263,0.333,0.263,0.596,0.291,-0.01,1998-10-16,26,우투,우타,181,88,내야수,4,0
146.000,김주성,LG 트윈스,4.000,3.000,2.000,0.000,0.000,1.000,0.000,0.000,1.000,0.000,0.0,0.0,0.333,0.0,0.333,0.265,-0.01,1998-01-30,26,우투,우타,180,81,내야수,62,0
147.000,이주형(38),LG 트윈스,18.000,16.000,15.000,4.000,0.000,2.000,2.000,0.000,5.000,0.000,0.4,0.267,0.313,0.4,0.713,0.328,-0.02,2001-04-02,23,우투,좌타,183,80,내야수,38,0
148.000,박민석,KT 위즈,4.000,4.000,4.000,1.000,0.000,1.000,0.000,0.000,3.000,0.000,1.0,0.25,0.25,0.25,0.5,0.229,-0.02,2000-04-13,24,우투,우타,180,77,내야수,56,0
149.000,변우혁,KIA 타이거즈,55.000,149.000,135.000,30.000,6.000,17.000,20.000,13.000,46.000,0.000,0.289,0.222,0.295,0.378,0.673,0.306,-0.02,2000-03-18,24,우투,우타,185,93,내야수,33,0
150.000,윤수녕,롯데 자이언츠,3.000,4.000,4.000,1.000,0.000,0.000,1.000,0.000,1.000,0.000,0.333,0.25,0.25,0.25,0.5,0.229,-0.03,2000-03-01,24,우투,좌타,173,73,외야수,63,0
151.000,노수광,한화 이글스,30.000,94.000,77.000,17.000,0.000,6.000,4.000,13.000,27.000,2.000,0.327,0.221,0.326,0.286,0.612,0.299,-0.03,1990-08-06,34,우투,좌타,180,75,외야수,17,0
152.000,서동욱,롯데 자이언츠,3.000,4.000,3.000,0.000,0.000,1.000,0.000,1.000,0.000,0.000,0.0,0.0,0.25,0.0,0.25,0.193,-0.03,2000-03-24,24,우투,우타,175,88,포수,69,0
153.000,김민수,삼성 라이온즈,2.000,1.000,1.000,0.000,0.000,0.000,0.000,0.000,1.000,0.000,-,0.0,0.0,0.0,0.0,0.0,-0.03,1991-03-02,33,우투,우타,177,80,포수,12,0
154.000,박지훈,두산 베어스,1.000,1.000,1.000,0.000,0.000,0.000,0.000,0.000,1.000,0.000,-,0.0,0.0,0.0,0.0,0.0,-0.03,2000-09-07,24,우투,우타,183,80,내야수,4,0
155.000,이상민(타),삼성 라이온즈,1.000,1.000,1.000,0.000,0.000,0.000,0.000,0.000,0.000,0.000,0.0,0.0,0.0,0.0,0.0,0.0,-0.03,1990-11-04,34,좌투,좌타,180,85,투수,59,0
156.000,윤도현,KIA 타이거즈,1.000,1.000,1.000,0.000,0.000,0.000,0.000,0.000,1.000,0.000,-,0.0,0.0,0.0,0.0,0.0,-0.03,2003-05-07,21,우투,우타,181,84,내야수,67,0
157.000,전사민(타),NC 다이노스,1.000,1.000,1.000,0.000,0.000,0.000,0.000,0.000,0.000,0.000,0.0,0.0,0.0,0.0,0.0,0.0,-0.03,1999-07-06,25,우투,우타,194,85,소속,계약,0
158.000,박형준,롯데 자이언츠,1.000,1.000,1.000,0.000,0.000,0.000,0.000,0.000,1.000,0.000,-,0.0,0.0,0.0,0.0,0.0,-0.03,2001-06-28,23,우투,우타,184,105,외야수,17,0
159.000,최승민,LG 트윈스,13.000,6.000,5.000,1.000,0.000,4.000,1.000,1.000,2.000,3.000,0.333,0.2,0.333,0.2,0.533,0.281,-0.04,1996-07-01,28,우투,좌타,181,73,외야수,62,0
160.000,강민성,KT 위즈,12.000,27.000,22.000,4.000,0.000,2.000,0.000,4.000,10.000,0.000,0.333,0.182,0.308,0.227,0.535,0.275,-0.04,1999-12-08,25,우투,우타,182,89,내야수,5,0
161.000,이태훈,삼성 라이온즈,11.000,14.000,13.000,3.000,0.000,1.000,0.000,1.000,7.000,0.000,0.5,0.231,0.286,0.308,0.594,0.279,-0.05,1995-04-03,29,우투,우타,183,95,외야수,35,0
162.000,김재현,키움 히어로즈,4.000,6.000,5.000,1.000,0.000,0.000,0.000,0.000,3.000,0.000,0.5,0.2,0.2,0.2,0.4,0.183,-0.05,1993-03-18,31,우투,우타,178,80,포수,32,0
163.000,문상준,KT 위즈,2.000,5.000,5.000,1.000,0.000,1.000,0.000,0.000,4.000,0.000,1.0,0.2,0.2,0.2,0.4,0.183,-0.05,2001-03-14,23,우투,우타,183,80,내야수,0,0
164.000,권광민,한화 이글스,39.000,53.000,46.000,8.000,2.000,8.000,9.000,5.000,16.000,2.000,0.214,0.174,0.269,0.348,0.617,0.287,-0.05,1997-12-12,27,좌투,좌타,187,97,외야수,69,0
165.000,최항,SSG 랜더스,9.000,14.000,12.000,2.000,1.000,2.000,3.000,1.000,6.000,0.000,0.2,0.167,0.231,0.417,0.648,0.279,-0.05,1994-01-03,30,우투,좌타,183,88,내야수,00,0
166.000,권민석,두산 베어스,1.000,2.000,2.000,0.000,0.000,0.000,0.000,0.000,1.000,0.000,0.0,0.0,0.0,0.0,0.0,0.0,-0.05,1999-02-20,25,우투,우타,184,74,내야수,7,0
167.000,허관회,한화 이글스,1.000,2.000,2.000,0.000,0.000,0.000,0.000,0.000,0.000,0.000,0.0,0.0,0.0,0.0,0.0,0.0,-0.05,1999-02-12,25,우투,우타,176,83,포수,12,0
168.000,예진원,키움 히어로즈,9.000,20.000,18.000,5.000,0.000,0.000,3.000,0.000,4.000,0.000,0.357,0.278,0.278,0.333,0.611,0.276,-0.06,1999-03-16,25,좌투,좌타,174,85,외야수,30,0
169.000,박계범,두산 베어스,56.000,154.000,136.000,31.000,2.000,15.000,14.000,10.000,34.000,2.000,0.282,0.228,0.285,0.316,0.601,0.279,-0.06,1996-01-11,28,우투,우타,178,72,내야수,14,0
170.000,이명기,한화 이글스,3.000,11.000,10.000,2.000,0.000,1.000,2.000,1.000,3.000,1.000,0.286,0.2,0.273,0.2,0.473,0.236,-0.06,1987-12-26,37,좌투,좌타,183,80,외야수,14,0
171.000,박영빈,NC 다이노스,14.000,8.000,7.000,1.000,0.000,5.000,0.000,0.000,3.000,2.000,0.25,0.143,0.143,0.286,0.429,0.187,-0.06,1997-07-16,27,우투,우타,0,0,내야수,00,0
172.000,송재선,키움 히어로즈,1.000,2.000,2.000,0.000,0.000,0.000,0.000,0.000,1.000,0.000,0.0,0.0,0.0,0.0,0.0,0.0,-0.06,2000-06-30,24,우투,우타,177,73,외야수,63,0
173.000,송준석,삼성 라이온즈,7.000,8.000,8.000,2.000,0.000,0.000,1.000,0.000,0.000,0.000,0.25,0.25,0.25,0.25,0.5,0.229,-0.07,1994-05-04,30,좌투,좌타,176,78,외야수,64,0
174.000,김건희,키움 히어로즈,8.000,13.000,11.000,2.000,0.000,0.000,0.000,2.000,4.000,0.000,0.286,0.182,0.308,0.182,0.49,0.259,-0.07,2004-11-07,20,우투,우타,185,96,투수,12,0
175.000,오장한,NC 다이노스,3.000,8.000,7.000,1.000,0.000,2.000,0.000,1.000,5.000,0.000,0.5,0.143,0.25,0.143,0.393,0.211,-0.07,2002-05-20,22,우투,좌타,185,90,외야수,91,0
176.000,양찬열,두산 베어스,42.000,98.000,87.000,21.000,0.000,15.000,6.000,9.000,22.000,3.000,0.318,0.241,0.316,0.31,0.626,0.302,-0.08,1997-05-25,27,우투,좌타,179,84,외야수,93,0
177.000,장준원,KT 위즈,50.000,83.000,70.000,12.000,1.000,8.000,8.000,10.000,20.000,3.000,0.22,0.171,0.272,0.271,0.543,0.264,-0.08,1995-11-21,29,우투,우타,183,77,내야수,25,0
178.000,송대현,LG 트윈스,4.000,3.000,3.000,0.000,0.000,0.000,0.000,0.000,2.000,0.000,0.0,0.0,0.0,0.0,0.0,0.0,-0.08,2000-02-03,24,우투,우타,180,82,내야수,63,0
179.000,김병휘,키움 히어로즈,3.000,3.000,3.000,0.000,0.000,0.000,0.000,0.000,1.000,0.000,0.0,0.0,0.0,0.0,0.0,0.0,-0.08,2001-02-16,23,우투,우타,177,79,내야수,4,0
180.000,조민성,삼성 라이온즈,11.000,21.000,21.000,6.000,0.000,1.000,5.000,0.000,4.000,0.000,0.353,0.286,0.286,0.381,0.667,0.299,-0.09,2003-10-02,21,우투,우타,181,88,내야수,32,0
181.000,김선우,KIA 타이거즈,5.000,7.000,7.000,1.000,0.000,0.000,0.000,0.000,2.000,0.000,0.2,0.143,0.143,0.143,0.286,0.131,-0.09,2001-01-18,23,우투,우타,178,80,포수,42,0
182.000,안승한,두산 베어스,10.000,10.000,9.000,1.000,0.000,1.000,0.000,1.000,4.000,0.000,0.2,0.111,0.2,0.111,0.311,0.169,-0.09,1992-01-25,32,우투,우타,177,89,포수,20,0
183.000,손민석,KT 위즈,9.000,12.000,10.000,1.000,0.000,2.000,1.000,1.000,3.000,0.000,0.143,0.1,0.25,0.1,0.35,0.207,-0.09,2004-06-21,20,우투,좌타,177,70,내야수,57,0
184.000,장지승,한화 이글스,3.000,3.000,3.000,0.000,0.000,0.000,0.000,0.000,0.000,0.000,0.0,0.0,0.0,0.0,0.0,0.0,-0.09,1998-07-04,26,우투,우타,185,90,외야수,63,0
185.000,유상빈,한화 이글스,3.000,8.000,6.000,0.000,0.000,1.000,0.000,1.000,1.000,0.000,0.0,0.0,0.25,0.0,0.25,0.196,-0.09,2000-05-09,24,좌투,좌타,181,82,외야수,65,0
186.000,김건웅,SSG 랜더스,1.000,3.000,3.000,0.000,0.000,0.000,0.000,0.000,2.000,0.000,0.0,0.0,0.0,0.0,0.0,0.0,-0.09,2000-05-08,24,우투,우타,186,118,내야수,44,0
187.000,서예일,두산 베어스,5.000,10.000,9.000,2.000,0.000,2.000,1.000,0.000,2.000,0.000,0.25,0.222,0.2,0.222,0.422,0.183,-0.1,1993-06-19,31,우투,좌타,178,83,내야수,16,0
188.000,이원석,한화 이글스,56.000,121.000,101.000,18.000,0.000,15.000,8.000,19.000,27.000,9.000,0.243,0.178,0.314,0.208,0.522,0.274,-0.1,1999-03-31,25,우투,우타,177,70,외야수,68,0
189.000,손호영,LG 트윈스,16.000,27.000,26.000,5.000,1.000,6.000,6.000,1.000,7.000,1.000,0.222,0.192,0.222,0.308,0.53,0.236,-0.11,1994-08-23,30,우투,우타,182,88,내야수,50,0
190.000,김찬형,SSG 랜더스,14.000,19.000,17.000,3.000,0.000,2.000,0.000,1.000,3.000,0.000,0.214,0.176,0.263,0.176,0.439,0.227,-0.11,1997-12-29,27,우투,우타,182,80,내야수,00,0
191.000,최인호,한화 이글스,3.000,7.000,6.000,1.000,0.000,1.000,0.000,0.000,1.000,0.000,0.2,0.167,0.167,0.167,0.334,0.153,-0.11,2000-01-30,24,우투,좌타,178,82,외야수,107,0
192.000,김범석,LG 트윈스,2.000,6.000,4.000,0.000,0.000,0.000,1.000,1.000,1.000,0.000,0.0,0.0,0.167,0.0,0.167,0.128,-0.11,2004-05-21,20,우투,우타,178,95,포수,44,0
193.000,김호재,삼성 라이온즈,47.000,71.000,67.000,16.000,0.000,5.000,6.000,3.000,9.000,2.000,0.276,0.239,0.271,0.313,0.584,0.27,-0.12,1995-05-31,29,우투,우타,178,72,내야수,8,0
194.000,고명준,SSG 랜더스,2.000,4.000,4.000,0.000,0.000,0.000,0.000,0.000,3.000,0.000,0.0,0.0,0.0,0.0,0.0,0.0,-0.12,2002-07-08,22,우투,우타,185,94,내야수,68,0
195.000,김수윤,NC 다이노스,11.000,11.000,11.000,2.000,0.000,0.000,2.000,0.000,4.000,0.000,0.286,0.182,0.182,0.182,0.364,0.166,-0.13,1998-07-16,26,우투,우타,180,83,내야수,5,0
196.000,김기연,LG 트윈스,21.000,31.000,25.000,3.000,0.000,1.000,2.000,5.000,5.000,1.000,0.15,0.12,0.267,0.12,0.387,0.22,-0.13,1997-09-07,27,우투,우타,178,95,포수,40,0
197.000,이승원,키움 히어로즈,4.000,5.000,5.000,0.000,0.000,0.000,0.000,0.000,2.000,0.000,0.0,0.0,0.0,0.0,0.0,0.0,-0.13,2004-07-02,20,우투,우타,185,75,내야수,8,0
198.000,이재원,LG 트윈스,46.000,107.000,92.000,20.000,3.000,12.000,17.000,10.000,32.000,3.000,0.283,0.217,0.299,0.359,0.658,0.293,-0.14,1999-07-17,25,우투,우타,192,100,외야수,24,0
199.000,박석민,NC 다이노스,30.000,107.000,88.000,17.000,1.000,9.000,8.000,14.000,22.000,0.000,0.242,0.193,0.321,0.239,0.56,0.285,-0.14,1985-06-22,39,우투,우타,178,88,3루수,18,0
200.000,김규성,KIA 타이거즈,69.000,106.000,96.000,21.000,1.000,18.000,8.000,7.000,32.000,4.000,0.317,0.219,0.279,0.302,0.581,0.274,-0.15,1997-03-08,27,우투,좌타,183,73,내야수,14,0
201.000,강현우,KT 위즈,36.000,77.000,74.000,16.000,1.000,9.000,8.000,3.000,15.000,0.000,0.259,0.216,0.247,0.324,0.571,0.259,-0.15,2001-04-13,23,우투,우타,180,90,포수,66,0
202.000,공민규,삼성 라이온즈,22.000,33.000,31.000,6.000,0.000,0.000,2.000,2.000,13.000,0.000,0.333,0.194,0.242,0.29,0.532,0.252,-0.15,1999-09-27,25,우투,좌타,183,85,내야수,62,0
203.000,오태양,NC 다이노스,21.000,3.000,3.000,0.000,0.000,4.000,0.000,0.000,3.000,3.000,-,0.0,0.0,0.0,0.0,0.0,-0.15,2002-04-25,22,우투,우타,178,67,내야수,96,0
204.000,이병규,키움 히어로즈,7.000,17.000,17.000,4.000,0.000,3.000,2.000,0.000,4.000,0.000,0.308,0.235,0.235,0.235,0.47,0.215,-0.16,1994-10-05,30,우투,좌타,175,73,외야수,9,0
205.000,고승민,롯데 자이언츠,82.000,287.000,239.000,53.000,2.000,34.000,22.000,38.000,60.000,8.000,0.283,0.222,0.327,0.314,0.641,0.305,-0.16,2000-08-11,24,우투,좌타,187,88,내야수,57,0
206.000,지시완,롯데 자이언츠,6.000,10.000,8.000,1.000,0.000,0.000,0.000,0.000,5.000,0.000,0.333,0.125,0.125,0.125,0.25,0.114,-0.16,1994-04-10,30,우투,우타,180,92,포수,28,0
207.000,김태근,두산 베어스,16.000,25.000,23.000,6.000,0.000,3.000,2.000,0.000,11.000,0.000,0.5,0.261,0.261,0.348,0.609,0.273,-0.17,1996-08-10,28,우투,우타,175,74,외야수,44,0
208.000,정주현,LG 트윈스,58.000,61.000,51.000,13.000,1.000,10.000,11.000,6.000,10.000,1.000,0.293,0.255,0.328,0.314,0.642,0.303,-0.17,1990-10-13,34,우투,우타,176,76,내야수,10,0
209.000,전민재,두산 베어스,19.000,18.000,17.000,4.000,0.000,3.000,1.000,0.000,3.000,0.000,0.286,0.235,0.235,0.353,0.588,0.262,-0.17,1999-06-30,25,우투,우타,181,73,내야수,4,0
210.000,서건창,LG 트윈스,31.000,103.000,87.000,18.000,0.000,14.000,12.000,10.000,11.000,3.000,0.228,0.207,0.28,0.31,0.59,0.28,-0.17,1989-08-22,35,우투,좌타,176,80,내야수,14,0
211.000,전병우,키움 히어로즈,25.000,60.000,51.000,9.000,1.000,5.000,6.000,7.000,22.000,0.000,0.286,0.176,0.288,0.294,0.582,0.282,-0.18,1992-10-24,32,우투,우타,182,90,내야수,62,0
212.000,신성현,두산 베어스,12.000,15.000,12.000,1.000,0.000,1.000,1.000,3.000,4.000,0.000,0.125,0.083,0.267,0.083,0.35,0.215,-0.18,1990-10-19,34,우투,우타,183,85,내야수,12,0
213.000,김병희,KT 위즈,5.000,9.000,8.000,0.000,0.000,0.000,0.000,1.000,4.000,0.000,0.0,0.0,0.111,0.0,0.111,0.086,-0.18,1990-12-06,34,우투,우타,180,82,2루수,14,0
214.000,이학주,롯데 자이언츠,71.000,71.000,65.000,13.000,1.000,14.000,7.000,6.000,15.000,0.000,0.245,0.2,0.268,0.262,0.53,0.253,-0.19,1990-11-04,34,우투,좌타,187,87,내야수,6,0
215.000,최정용,KIA 타이거즈,24.000,29.000,25.000,4.000,0.000,5.000,1.000,2.000,7.000,2.000,0.222,0.16,0.222,0.2,0.422,0.207,-0.19,1996-10-24,28,우투,좌타,179,86,내야수,41,0
216.000,김건,한화 이글스,5.000,12.000,12.000,2.000,0.000,1.000,0.000,0.000,8.000,0.000,0.5,0.167,0.167,0.167,0.334,0.153,-0.2,2000-02-23,24,우투,우타,183,82,내야수,97,0
217.000,박준태,키움 히어로즈,14.000,15.000,14.000,2.000,0.000,0.000,1.000,1.000,7.000,0.000,0.286,0.143,0.2,0.143,0.343,0.173,-0.2,1991-07-26,33,우투,좌타,181,75,외야수,23,0
218.000,최상민,SSG 랜더스,35.000,38.000,33.000,8.000,0.000,4.000,3.000,2.000,6.000,1.000,0.286,0.242,0.278,0.242,0.52,0.246,-0.21,1999-08-20,25,좌투,좌타,178,75,외야수,8,0
219.000,이병헌,삼성 라이온즈,15.000,21.000,20.000,3.000,0.000,1.000,1.000,1.000,9.000,0.000,0.273,0.15,0.19,0.15,0.34,0.167,-0.21,1999-10-26,25,우투,우타,180,87,포수,23,0
220.000,김재상,삼성 라이온즈,15.000,19.000,17.000,2.000,0.000,0.000,0.000,2.000,4.000,0.000,0.154,0.118,0.211,0.118,0.329,0.177,-0.21,2004-07-26,20,우투,좌타,180,81,내야수,0,0
221.000,김인태,두산 베어스,20.000,61.000,54.000,12.000,0.000,3.000,5.000,6.000,15.000,1.000,0.308,0.222,0.3,0.259,0.559,0.273,-0.22,1994-07-03,30,좌투,좌타,178,78,외야수,39,0
222.000,김상민,삼성 라이온즈,7.000,13.000,12.000,1.000,0.000,3.000,0.000,1.000,3.000,0.000,0.111,0.083,0.154,0.083,0.237,0.13,-0.22,2003-12-05,21,우투,좌타,183,83,외야수,25,0
223.000,강진성,두산 베어스,3.000,3.000,3.000,1.000,0.000,0.000,0.000,0.000,0.000,0.000,0.333,0.333,0.333,0.333,0.666,0.305,-0.23,1993-10-19,31,우투,우타,180,81,외야수,49,0
224.000,김한별,NC 다이노스,49.000,53.000,51.000,12.000,0.000,3.000,3.000,1.000,12.000,0.000,0.308,0.235,0.25,0.275,0.525,0.243,-0.23,2001-01-18,23,우투,우타,177,85,내야수,68,0
225.000,장승현,두산 베어스,63.000,139.000,122.000,22.000,3.000,11.000,9.000,6.000,29.000,1.000,0.211,0.18,0.259,0.262,0.521,0.25,-0.23,1994-03-07,30,우투,우타,184,86,포수,2,0
226.000,신범수,KIA 타이거즈,36.000,100.000,88.000,15.000,2.000,7.000,10.000,7.000,19.000,0.000,0.191,0.17,0.245,0.273,0.518,0.244,-0.23,1998-01-25,26,우투,좌타,177,0,포수,62,0
227.000,송찬의,LG 트윈스,19.000,22.000,18.000,1.000,0.000,2.000,1.000,4.000,6.000,1.000,0.083,0.056,0.227,0.111,0.338,0.2,-0.23,1999-02-20,25,우투,우타,182,77,내야수,66,0
228.000,이성곤,한화 이글스,8.000,16.000,14.000,2.000,0.000,2.000,0.000,1.000,3.000,0.000,0.182,0.143,0.2,0.143,0.343,0.173,-0.24,1992-03-25,32,우투,좌타,186,93,내야수,6,0
229.000,최정원,NC 다이노스,16.000,18.000,16.000,1.000,0.000,4.000,1.000,0.000,7.000,1.000,0.111,0.063,0.167,0.125,0.292,0.161,-0.25,2000-06-24,24,우투,좌타,176,70,내야수,64,0
230.000,조형우,SSG 랜더스,46.000,92.000,83.000,15.000,1.000,7.000,5.000,5.000,18.000,0.000,0.219,0.181,0.236,0.277,0.513,0.241,-0.26,2002-04-04,22,우투,우타,187,95,포수,32,0
231.000,신준우,키움 히어로즈,24.000,19.000,18.000,2.000,0.000,4.000,0.000,0.000,5.000,0.000,0.154,0.111,0.158,0.111,0.269,0.138,-0.26,2001-06-21,23,우투,우타,176,83,내야수,5,0
232.000,안재석,두산 베어스,27.000,68.000,64.000,12.000,1.000,8.000,5.000,3.000,12.000,2.000,0.212,0.188,0.221,0.297,0.518,0.236,-0.27,2002-02-15,22,우투,좌타,185,75,내야수,3,0
233.000,김수환,키움 히어로즈,38.000,73.000,60.000,9.000,1.000,3.000,10.000,8.000,23.000,0.000,0.222,0.15,0.292,0.25,0.542,0.275,-0.28,1998-03-20,26,우투,우타,180,100,내야수,46,0
234.000,김민혁,두산 베어스,20.000,35.000,28.000,4.000,0.000,2.000,3.000,4.000,9.000,0.000,0.19,0.143,0.257,0.179,0.436,0.227,-0.28,1996-05-03,28,우투,우타,188,100,내야수,92,0
235.000,류승민,삼성 라이온즈,23.000,56.000,51.000,11.000,0.000,5.000,5.000,2.000,19.000,0.000,0.344,0.216,0.259,0.275,0.534,0.252,-0.3,2004-10-11,20,좌투,좌타,185,90,외야수,46,0
236.000,조용호,KT 위즈,36.000,105.000,97.000,24.000,0.000,10.000,4.000,8.000,20.000,2.000,0.312,0.247,0.305,0.258,0.563,0.272,-0.31,1989-09-09,35,우투,좌타,170,75,외야수,23,0
237.000,최경모,SSG 랜더스,21.000,19.000,19.000,2.000,0.000,5.000,1.000,0.000,5.000,2.000,0.143,0.105,0.105,0.105,0.21,0.096,-0.31,1996-06-17,28,우투,우타,0,0,내야수,00,0
238.000,김석환,KIA 타이거즈,4.000,16.000,14.000,1.000,0.000,1.000,2.000,1.000,7.000,0.000,0.143,0.071,0.133,0.071,0.204,0.112,-0.31,1999-02-28,25,좌투,좌타,187,97,내야수,10,0
239.000,한석현,NC 다이노스,25.000,61.000,55.000,12.000,0.000,5.000,2.000,4.000,17.000,2.000,0.316,0.218,0.271,0.236,0.507,0.245,-0.32,1994-05-17,30,좌투,좌타,181,73,외야수,46,0
240.000,오태곤,SSG 랜더스,88.000,201.000,177.000,38.000,4.000,20.000,19.000,13.000,49.000,14.000,0.268,0.215,0.276,0.328,0.604,0.278,-0.32,1991-11-18,33,우투,우타,184,80,내야수,00,0
241.000,조수행,두산 베어스,87.000,133.000,115.000,22.000,1.000,23.000,7.000,14.000,29.000,16.000,0.247,0.191,0.29,0.243,0.533,0.266,-0.32,1993-08-30,31,우투,좌타,178,73,외야수,51,0
242.000,송승환,두산 베어스,30.000,76.000,70.000,16.000,0.000,10.000,4.000,4.000,16.000,0.000,0.296,0.229,0.27,0.3,0.57,0.268,-0.33,2000-10-28,24,우투,우타,183,93,내야수,3,0
243.000,전의산,SSG 랜더스,41.000,118.000,104.000,21.000,3.000,8.000,16.000,11.000,31.000,0.000,0.257,0.202,0.297,0.327,0.624,0.294,-0.33,2000-11-25,24,우투,좌타,188,98,내야수,56,0
244.000,이정범,SSG 랜더스,11.000,30.000,26.000,5.000,0.000,2.000,4.000,2.000,6.000,0.000,0.227,0.192,0.233,0.192,0.425,0.204,-0.33,1998-04-10,26,좌투,좌타,178,88,외야수,58,0
245.000,류현인,KT 위즈,17.000,24.000,23.000,3.000,0.000,6.000,3.000,1.000,4.000,0.000,0.158,0.13,0.167,0.13,0.297,0.147,-0.33,2000-11-08,24,우투,좌타,174,80,내야수,36,0
246.000,김주형,키움 히어로즈,37.000,70.000,59.000,9.000,0.000,4.000,4.000,8.000,23.000,0.000,0.25,0.153,0.254,0.186,0.44,0.227,-0.34,1996-03-05,28,우투,우타,176,80,내야수,6,0
247.000,김대한,두산 베어스,27.000,87.000,79.000,16.000,1.000,10.000,7.000,7.000,21.000,1.000,0.263,0.203,0.276,0.304,0.58,0.275,-0.36,2000-12-06,24,우투,우타,185,83,외야수,38,0
248.000,오영수,NC 다이노스,36.000,127.000,105.000,20.000,3.000,12.000,14.000,12.000,33.000,2.000,0.236,0.19,0.285,0.333,0.618,0.289,-0.36,2000-01-30,24,우투,좌타,178,93,내야수,4,0
249.000,김호령,KIA 타이거즈,56.000,71.000,65.000,12.000,0.000,8.000,5.000,2.000,25.000,1.000,0.3,0.185,0.221,0.277,0.498,0.231,-0.37,1992-04-30,32,우투,우타,178,80,외야수,53,0
250.000,이시원,KT 위즈,18.000,29.000,26.000,4.000,0.000,2.000,1.000,2.000,6.000,0.000,0.2,0.154,0.214,0.154,0.368,0.186,-0.38,1996-07-24,28,우투,좌타,0,0,외야수,34,0
251.000,이용규,키움 히어로즈,49.000,175.000,152.000,35.000,0.000,19.000,11.000,18.000,22.000,2.000,0.265,0.23,0.312,0.27,0.582,0.286,-0.39,1985-08-26,39,좌투,좌타,175,70,외야수,19,0
252.000,한승택,KIA 타이거즈,40.000,96.000,78.000,11.000,0.000,5.000,3.000,10.000,32.000,0.000,0.239,0.141,0.256,0.167,0.423,0.224,-0.39,1994-06-21,30,우투,우타,174,83,포수,26,0
253.000,장진혁,한화 이글스,44.000,124.000,112.000,25.000,0.000,15.000,9.000,11.000,28.000,4.000,0.294,0.223,0.29,0.268,0.558,0.27,-0.4,1993-09-30,31,우투,좌타,184,83,외야수,51,0
254.000,김영웅,삼성 라이온즈,36.000,71.000,64.000,11.000,1.000,7.000,7.000,4.000,16.000,1.000,0.213,0.172,0.221,0.266,0.487,0.226,-0.4,2003-08-24,21,우투,좌타,183,81,내야수,30,0
255.000,하주석,한화 이글스,25.000,38.000,35.000,4.000,0.000,4.000,2.000,2.000,10.000,0.000,0.16,0.114,0.184,0.143,0.327,0.168,-0.41,1994-02-25,30,우투,좌타,184,84,유격수,16,0
256.000,박상언,한화 이글스,57.000,123.000,108.000,20.000,1.000,11.000,8.000,9.000,29.000,1.000,0.238,0.185,0.25,0.25,0.5,0.24,-0.44,1997-03-03,27,우투,우타,185,75,포수,107,0
257.000,김태훈(타),삼성 라이온즈,9.000,21.000,20.000,2.000,0.000,0.000,1.000,0.000,8.000,0.000,0.167,0.1,0.1,0.15,0.25,0.111,-0.44,1996-03-31,28,우투,좌타,177,78,외야수,24,0
258.000,윌리엄스,한화 이글스,34.000,143.000,138.000,32.000,4.000,16.000,18.000,1.000,34.000,0.000,0.277,0.232,0.252,0.37,0.622,0.275,-0.48,1993-09-08,31,좌투,좌타,190,97,외야수,3,0
259.000,김웅빈,키움 히어로즈,29.000,74.000,64.000,12.000,0.000,2.000,9.000,6.000,20.000,0.000,0.261,0.188,0.27,0.234,0.504,0.248,-0.48,1996-02-09,28,우투,좌타,181,84,내야수,40,0
260.000,김태진,키움 히어로즈,57.000,167.000,156.000,40.000,0.000,11.000,13.000,5.000,22.000,0.000,0.294,0.256,0.28,0.288,0.568,0.264,-0.49,1995-10-07,29,우투,좌타,173,68,내야수,6,0
261.000,박주홍,키움 히어로즈,24.000,50.000,44.000,6.000,0.000,5.000,1.000,5.000,23.000,1.000,0.273,0.136,0.22,0.182,0.402,0.205,-0.49,2001-04-16,23,좌투,좌타,188,92,외야수,57,0
262.000,유로결,한화 이글스,24.000,46.000,42.000,7.000,0.000,4.000,4.000,1.000,8.000,1.000,0.2,0.167,0.2,0.19,0.39,0.186,-0.51,2000-05-30,24,우투,우타,186,86,외야수,66,0
263.000,주성원,키움 히어로즈,20.000,53.000,51.000,10.000,0.000,3.000,1.000,1.000,12.000,0.000,0.25,0.196,0.208,0.235,0.443,0.204,-0.53,2000-08-30,24,우투,우타,180,95,외야수,25,0
264.000,신윤후,롯데 자이언츠,28.000,27.000,25.000,1.000,0.000,2.000,1.000,0.000,8.000,1.000,0.059,0.04,0.111,0.04,0.151,0.093,-0.53,1996-01-05,28,우투,우타,178,78,내야수,68,0
265.000,김준완,키움 히어로즈,76.000,225.000,189.000,42.000,0.000,25.000,14.000,26.000,57.000,0.000,0.311,0.222,0.315,0.259,0.574,0.283,-0.54,1991-01-20,33,우투,좌타,174,73,외야수,14,0
266.000,김인환,한화 이글스,90.000,310.000,280.000,64.000,7.000,31.000,40.000,25.000,82.000,1.000,0.294,0.229,0.294,0.361,0.655,0.298,-0.57,1994-01-28,30,우투,좌타,186,88,내야수,69,0
267.000,주효상,KIA 타이거즈,19.000,36.000,32.000,2.000,0.000,2.000,1.000,2.000,10.000,0.000,0.091,0.063,0.118,0.063,0.181,0.099,-0.58,1997-11-11,27,우투,좌타,182,85,포수,22,0
268.000,황대인,KIA 타이거즈,46.000,157.000,143.000,33.000,3.000,14.000,22.000,10.000,39.000,0.000,0.291,0.231,0.287,0.322,0.609,0.275,-0.62,1996-02-10,28,우투,우타,178,90,내야수,10,0
269.000,박정현,한화 이글스,40.000,88.000,80.000,12.000,1.000,11.000,3.000,3.000,24.000,0.000,0.2,0.15,0.2,0.238,0.438,0.206,-0.65,2001-07-27,23,우투,우타,183,85,내야수,56,0
270.000,이상호,KT 위즈,50.000,57.000,52.000,8.000,0.000,10.000,5.000,1.000,9.000,1.000,0.186,0.154,0.17,0.173,0.343,0.16,-0.7,1989-02-05,35,우투,우타,180,82,내야수,16,0
271.000,이재원,SSG 랜더스,22.000,47.000,43.000,3.000,0.000,3.000,2.000,2.000,8.000,0.000,0.083,0.07,0.109,0.093,0.202,0.102,-0.73,1988-02-24,36,우투,우타,185,98,포수,00,0
272.000,강한울,삼성 라이온즈,67.000,226.000,199.000,42.000,0.000,29.000,10.000,20.000,50.000,0.000,0.278,0.211,0.281,0.266,0.547,0.262,-0.74,1991-09-12,33,우투,좌타,181,66,내야수,9,0
273.000,황성빈,롯데 자이언츠,48.000,141.000,124.000,27.000,0.000,15.000,6.000,10.000,23.000,5.000,0.267,0.218,0.276,0.242,0.518,0.251,-0.79,1997-12-19,27,우투,좌타,172,76,외야수,40,0
274.000,이성규,삼성 라이온즈,79.000,123.000,111.000,20.000,0.000,12.000,11.000,5.000,31.000,3.000,0.247,0.18,0.233,0.243,0.476,0.227,-0.85,1993-08-03,31,우투,우타,178,82,내야수,9,0
275.000,한동희,롯데 자이언츠,78.000,283.000,258.000,55.000,4.000,23.000,28.000,18.000,45.000,1.000,0.238,0.213,0.262,0.298,0.56,0.259,-0.96,1999-06-01,25,우투,우타,181,99,내야수,25,0
276.000,한유섬,SSG 랜더스,74.000,251.000,219.000,43.000,4.000,15.000,26.000,19.000,62.000,0.000,0.248,0.196,0.277,0.288,0.565,0.266,-1.01,1989-08-09,35,우투,좌타,190,95,외야수,00,0
277.000,박찬혁,키움 히어로즈,34.000,115.000,105.000,18.000,0.000,11.000,6.000,8.000,29.000,0.000,0.237,0.171,0.243,0.21,0.453,0.224,-1.02,2003-04-25,21,우투,우타,180,84,외야수,48,0
278.000,오재일,삼성 라이온즈,79.000,292.000,256.000,47.000,8.000,22.000,37.000,30.000,97.000,0.000,0.253,0.184,0.274,0.32,0.594,0.276,-1.13,1986-10-29,38,좌투,좌타,187,95,1루수,44,0
279.000,오그레디,한화 이글스,22.000,86.000,80.000,10.000,0.000,3.000,8.000,5.000,40.000,1.000,0.244,0.125,0.174,0.163,0.337,0.165,-1.18,1992-05-17,32,우투,좌타,188,97,외야수,12,0
280.000,이원석,키움 히어로즈,70.000,273.000,247.000,54.000,1.000,16.000,20.000,20.000,59.000,0.000,0.282,0.219,0.284,0.255,0.539,0.259,-1.53,1986-10-21,38,우투,우타,182,82,3루수,16,0
281.000,이흥련,SSG 랜더스,2.000,0.000,0.000,0.000,0.000,0.000,0.000,0.000,0.000,0.000,-,-,-,-,-,-,-,1989-05-16,35,우투,우타,183,85,포수,00,0
282.000,박정우,KIA 타이거즈,2.000,0.000,0.000,0.000,0.000,0.000,0.000,0.000,0.000,0.000,-,-,-,-,-,-,-,1998-02-01,26,좌투,좌타,175,68,외야수,0,0
283.000,박수종,키움 히어로즈,2.000,0.000,0.000,0.000,0.000,0.000,0.000,0.000,0.000,0.000,-,-,-,-,-,-,-,1999-02-25,25,우투,우타,179,82,외야수,14,0
284.000,김병준,KT 위즈,2.000,0.000,0.000,0.000,0.000,0.000,0.000,0.000,0.000,0.000,-,-,-,-,-,-,-,2003-07-03,21,우투,좌타,175,80,외야수,97,0
285.000,오선우,KIA 타이거즈,1.000,0.000,0.000,0.000,0.000,0.000,0.000,0.000,0.000,0.000,-,-,-,-,-,-,-,1996-12-13,28,좌투,좌타,186,95,내야수,59,0
286.000,김도환,삼성 라이온즈,1.000,0.000,0.000,0.000,0.000,0.000,0.000,0.000,0.000,0.000,-,-,-,-,-,-,-,2000-04-14,24,우투,우타,178,90,포수,42,0
